Workbook
Name Slicer_Facility_Name: #N/A
Name Slicer_Facility_Name1: #N/A
Name Slicer_GHG_Type: #N/A
Name Slicer_GHG_Type1: #N/A
Name Slicer_Reporting_Period: #N/A
Name Slicer_Reporting_Period1: #N/A
Name Slicer_Scope: #N/A
Name Slicer_Scope1: #N/A

Sheet Emission Data
A1: Facility ID | B1: Facility Name | C1: Reporting Period | D1: Scope | E1: GHG Type | F1: Emissions (tons)
A2: F088 | B2: JSW Energy | C2: 2022 Q1 | D2: Scope 3 | E2: CH₄ | F2: 2435.5974
A3: F021 | B3: L&T | C3: 2022 Q2 | D3: Scope 1 | E3: CO₂ | F3: 835.45
A4: F107 | B4: Reliance Industries | C4: 2022 Q2 | D4: Scope 1 | E4: CO₂ | F4: 3430.45
A5: F106 | B5: Tata Steel | C5: 2022 Q1 | D5: Scope 1 | E5: CO₂ | F5: 4214.24
A6: F090 | B6: Reliance Industries | C6: 2022 Q2 | D6: Scope 3 | E6: CH₄ | F6: 605.59355
A7: F158 | B7: Tata Steel | C7: 2022 Q2 | D7: Scope 1 | E7: CH₄ | F7: 656.33
A8: F023 | B8: L&T | C8: 2023 Q2 | D8: Scope 3 | E8: N₂O | F8: 4455.9341
A9: F153 | B9: Tata Steel | C9: 2022 Q2 | D9: Scope 3 | E9: CH₄ | F9: 660.19754
A10: F079 | B10: Reliance Industries | C10: 2023 Q2 | D10: Scope 3 | E10: CH₄ | F10: 1883.3043
A11: F065 | B11: L&T | C11: 2022 Q1 | D11: Scope 2 | E11: N₂O | F11: 221.01
A12: F025 | B12: Adani Green | C12: 2022 Q1 | D12: Scope 2 | E12: CH₄ | F12: 4737.06
A13: F104 | B13: Adani Green | C13: 2022 Q1 | D13: Scope 3 | E13: N₂O | F13: 1951.279
... A2001: F018 | B2001: Adani Green | C2001: 2023 Q1 | D2001: Scope 2 | E2001: N₂O | F2001: 2433.04

Sheet Operational Data
A1: Facility ID | B1: Facility Name | C1: Production Volume (units) | D1: Energy Consumption (MWh) | E1: Waste (tons)
A2: F001 | B2: L&T | C2: 54133 | D2: 8543.68 | E2: 24
A3: F002 | B3: Adani Green | C3: 53661 | D3: 6965.81 | E3: 69.4
A4: F003 | B4: Tata Steel | C4: 27681 | D4: 928.26 | E4: 44.97
A5: F004 | B5: JSW Energy | C5: 83923 | D5: 8768.8 | E5: 65.29
A6: F005 | B6: Adani Green | C6: 61743 | D6: 7426.75 | E6: 26.39
A7: F006 | B7: Adani Green | C7: 11426 | D7: 4439.56 | E7: 52.71
A8: F007 | B8: Adani Green | C8: 35506 | D8: 1892.04 | E8: 61.53
A9: F008 | B9: Tata Steel | C9: 50306 | D9: 7031.37 | E9: 13.27
A10: F009 | B10: JSW Energy | C10: 45644 | D10: 7724.73 | E10: 31
A11: F010 | B11: JSW Energy | C11: 32991 | D11: 8540.14 | E11: 37.75
A12: F011 | B12: Adani Green | C12: 72846 | D12: 5169.53 | E12: 76.71
A13: F012 | B13: Tata Steel | C13: 43747 | D13: 3453.48 | E13: 98.78
... A201: F200 | B201: L&T | C201: 21081 | D201: 9001.77 | E201: 49.27

Sheet Supplier Data
A1: Supplier ID | B1: Estimated Carbon Footprint (tons CO₂e) | C1: Income Distribution (%)
A2: S001 | B2: 959.2 | C2: {'F090': 38.84, 'F082': 36.92, 'F147': 24.24}
A3: S002 | B3: 231.68 | C3: {'F143': 13.88, 'F082': 10.02, 'F057': 15.92, 'F150': 35.92, 'F056': 24.26}
A4: S003 | B4: 714.03 | C4: {'F172': 36.89, 'F176': 32.29, 'F027': 10.84, 'F163': 19.98}
A5: S004 | B5: 571.88 | C5: {'F157': 8.17, 'F100': 20.93, 'F136': 32.18, 'F132': 30.1, 'F067': 8.62}
A6: S005 | B6: 114.57 | C6: {'F092': 9.83, 'F200': 44.17, 'F072': 36.04, 'F173': 9.96}
A7: S006 | B7: 790.74 | C7: {'F023': 12.77, 'F192': 15.07, 'F189': 15.94, 'F169': 27.44, 'F118': 28.78}
A8: S007 | B8: 847.51 | C8: {'F145': 7.14, 'F170': 26.48, 'F022': 28.45, 'F015': 9.9, 'F151': 28.03}
A9: S008 | B9: 610.8 | C9: {'F002': 29.15, 'F104': 26.58, 'F059': 14.23, 'F066': 30.04}
A10: S009 | B10: 390.06 | C10: {'F154': 18.01, 'F109': 27.42, 'F044': 23.14, 'F193': 31.43}
A11: S010 | B11: 932.3 | C11: {'F084': 16.93, 'F027': 30.55, 'F198': 10.19, 'F040': 13.43, 'F101': 28.9}
A12: S011 | B12: 795.74 | C12: {'F151': 22.49, 'F179': 18.73, 'F103': 26.99, 'F171': 22.41, 'F180': 9.39}
A13: S012 | B13: 986.62 | C13: {'F013': 42.1, 'F111': 17.04, 'F054': 40.86}
... A101: S100 | B101: 169.33 | C101: {'F184': 52.13, 'F170': 47.87}

Sheet Regulatory Benchmarks
A1: Benchmark | B1: Value | C1: Description
A2: GHG Reduction Target | B2: 25% reduction | C2: Company must reduce overall GHG emissions by 25% over the next 5 years.
A3: Net Zero Milestone | B3: 2050 | C3: Target year to achieve net zero emissions.
A4: Emission Reporting Standard | B4: GHG Protocol | C4: All emissions must be reported according to the GHG Protocol guidelines.

Sheet Emission Data (2)
A1: Facility ID | B1: Facility Name | C1: Reporting Period | D1: Scope | E1: GHG Type | F1: Emissions (tons) | G1: Production Volume (units) | H1: Energy Consumption (MWh) | I1: Waste (tons) | J1: Emission Intensity
A2: F088 | B2: JSW Energy | C2: 2022 Q1 | D2: Scope 3 | E2: CH₄ | F2: 2435.5974 | G2: =VLOOKUP(A2,'Operational Data'!$A$2:$E$201,3,FALSE) -> 77330 | H2: =VLOOKUP(A2,'Operational Data'!$A$2:$E$201,4,FALSE) -> 6936.58 | I2: =VLOOKUP(A2,'Operational Data'!$A$2:$E$201,5,FALSE) -> 82.3 | J2: =F2/G2 -> 0.031496152 | L2: Baseline Emission(2022 Q1) = | M2: =SUMIFS(F:F,C:C,"2022 Q1") -> 1256202.9
A3: F021 | B3: L&T | C3: 2022 Q2 | D3: Scope 1 | E3: CO₂ | F3: 835.45 | G3: =VLOOKUP(A3,'Operational Data'!$A$2:$E$201,3,FALSE) -> 44657 | H3: =VLOOKUP(A3,'Operational Data'!$A$2:$E$201,4,FALSE) -> 7867.98 | I3: =VLOOKUP(A3,'Operational Data'!$A$2:$E$201,5,FALSE) -> 96.01 | J3: =F3/G3 -> 0.018708153 | L3: Current Emission(2023 Q2) = | M3: =SUMIFS(F:F,C:C,"2023 Q2") -> 1257074
A4: F107 | B4: Reliance Industries | C4: 2022 Q2 | D4: Scope 1 | E4: CO₂ | F4: 3430.45 | G4: =VLOOKUP(A4,'Operational Data'!$A$2:$E$201,3,FALSE) -> 43512 | H4: =VLOOKUP(A4,'Operational Data'!$A$2:$E$201,4,FALSE) -> 5352.18 | I4: =VLOOKUP(A4,'Operational Data'!$A$2:$E$201,5,FALSE) -> 6.17 | J4: =F4/G4 -> 0.078839171 | L4: Reduction (%) = ((Baseline - Current) / Baseline) * 100 | M4: =((M2-M3)/M2)*100 -> -0.069343262
A5: F106 | B5: Tata Steel | C5: 2022 Q1 | D5: Scope 1 | E5: CO₂ | F5: 4214.24 | G5: =VLOOKUP(A5,'Operational Data'!$A$2:$E$201,3,FALSE) -> 98682 | H5: =VLOOKUP(A5,'Operational Data'!$A$2:$E$201,4,FALSE) -> 6220.56 | I5: =VLOOKUP(A5,'Operational Data'!$A$2:$E$201,5,FALSE) -> 70.1 | J5: =F5/G5 -> 0.042705255 | L5: Interpretation | M5: negative reduction means, emission increased by 0.069% in ~1.5 years which is not good at all.
A6: F090 | B6: Reliance Industries | C6: 2022 Q2 | D6: Scope 3 | E6: CH₄ | F6: 605.59355 | G6: =VLOOKUP(A6,'Operational Data'!$A$2:$E$201,3,FALSE) -> 29895 | H6: =VLOOKUP(A6,'Operational Data'!$A$2:$E$201,4,FALSE) -> 1631.08 | I6: =VLOOKUP(A6,'Operational Data'!$A$2:$E$201,5,FALSE) -> 39.93 | J6: =F6/G6 -> 0.020257352
A7: F158 | B7: Tata Steel | C7: 2022 Q2 | D7: Scope 1 | E7: CH₄ | F7: 656.33 | G7: =VLOOKUP(A7,'Operational Data'!$A$2:$E$201,3,FALSE) -> 61157 | H7: =VLOOKUP(A7,'Operational Data'!$A$2:$E$201,4,FALSE) -> 7331.54 | I7: =VLOOKUP(A7,'Operational Data'!$A$2:$E$201,5,FALSE) -> 55.52 | J7: =F7/G7 -> 0.010731887
A8: F023 | B8: L&T | C8: 2023 Q2 | D8: Scope 3 | E8: N₂O | F8: 4455.9341 | G8: =VLOOKUP(A8,'Operational Data'!$A$2:$E$201,3,FALSE) -> 47484 | H8: =VLOOKUP(A8,'Operational Data'!$A$2:$E$201,4,FALSE) -> 3396.39 | I8: =VLOOKUP(A8,'Operational Data'!$A$2:$E$201,5,FALSE) -> 19.51 | J8: =F8/G8 -> 0.093840748
A9: F153 | B9: Tata Steel | C9: 2022 Q2 | D9: Scope 3 | E9: CH₄ | F9: 660.19754 | G9: =VLOOKUP(A9,'Operational Data'!$A$2:$E$201,3,FALSE) -> 95306 | H9: =VLOOKUP(A9,'Operational Data'!$A$2:$E$201,4,FALSE) -> 9037.76 | I9: =VLOOKUP(A9,'Operational Data'!$A$2:$E$201,5,FALSE) -> 13.35 | J9: =F9/G9 -> 0.0069271351
A10: F079 | B10: Reliance Industries | C10: 2023 Q2 | D10: Scope 3 | E10: CH₄ | F10: 1883.3043 | G10: =VLOOKUP(A10,'Operational Data'!$A$2:$E$201,3,FALSE) -> 17311 | H10: =VLOOKUP(A10,'Operational Data'!$A$2:$E$201,4,FALSE) -> 2257.38 | I10: =VLOOKUP(A10,'Operational Data'!$A$2:$E$201,5,FALSE) -> 91.07 | J10: =F10/G10 -> 0.10879235
A11: F065 | B11: L&T | C11: 2022 Q1 | D11: Scope 2 | E11: N₂O | F11: 221.01 | G11: =VLOOKUP(A11,'Operational Data'!$A$2:$E$201,3,FALSE) -> 91031 | H11: =VLOOKUP(A11,'Operational Data'!$A$2:$E$201,4,FALSE) -> 1783.57 | I11: =VLOOKUP(A11,'Operational Data'!$A$2:$E$201,5,FALSE) -> 32.05 | J11: =F11/G11 -> 0.0024278542
A12: F025 | B12: Adani Green | C12: 2022 Q1 | D12: Scope 2 | E12: CH₄ | F12: 4737.06 | G12: =VLOOKUP(A12,'Operational Data'!$A$2:$E$201,3,FALSE) -> 32131 | H12: =VLOOKUP(A12,'Operational Data'!$A$2:$E$201,4,FALSE) -> 1474.23 | I12: =VLOOKUP(A12,'Operational Data'!$A$2:$E$201,5,FALSE) -> 45.47 | J12: =F12/G12 -> 0.14742959
A13: F104 | B13: Adani Green | C13: 2022 Q1 | D13: Scope 3 | E13: N₂O | F13: 1951.279 | G13: =VLOOKUP(A13,'Operational Data'!$A$2:$E$201,3,FALSE) -> 84851 | H13: =VLOOKUP(A13,'Operational Data'!$A$2:$E$201,4,FALSE) -> 560.75 | I13: =VLOOKUP(A13,'Operational Data'!$A$2:$E$201,5,FALSE) -> 80.23 | J13: =F13/G13 -> 0.022996535
A14: F137 | B14: JSW Energy | C14: 2022 Q2 | D14: Scope 2 | E14: CH₄ | F14: 4320.11 | G14: =VLOOKUP(A14,'Operational Data'!$A$2:$E$201,3,FALSE) -> 10933 | H14: =VLOOKUP(A14,'Operational Data'!$A$2:$E$201,4,FALSE) -> 9004.37 | I14: =VLOOKUP(A14,'Operational Data'!$A$2:$E$201,5,FALSE) -> 26.84 | J14: =F14/G14 -> 0.39514406
A15: F158 | B15: Tata Steel | C15: 2022 Q1 | D15: Scope 2 | E15: CO₂ | F15: 2179.33 | G15: =VLOOKUP(A15,'Operational Data'!$A$2:$E$201,3,FALSE) -> 61157 | H15: =VLOOKUP(A15,'Operational Data'!$A$2:$E$201,4,FALSE) -> 7331.54 | I15: =VLOOKUP(A15,'Operational Data'!$A$2:$E$201,5,FALSE) -> 55.52 | J15: =F15/G15 -> 0.035635005
A16: F101 | B16: Tata Steel | C16: 2023 Q1 | D16: Scope 1 | E16: CH₄ | F16: 3612.19 | G16: =VLOOKUP(A16,'Operational Data'!$A$2:$E$201,3,FALSE) -> 65719 | H16: =VLOOKUP(A16,'Operational Data'!$A$2:$E$201,4,FALSE) -> 9362.41 | I16: =VLOOKUP(A16,'Operational Data'!$A$2:$E$201,5,FALSE) -> 86.55 | J16: =F16/G16 -> 0.054964166
A17: F194 | B17: Tata Steel | C17: 2022 Q1 | D17: Scope 2 | E17: N₂O | F17: 1270.36 | G17: =VLOOKUP(A17,'Operational Data'!$A$2:$E$201,3,FALSE) -> 42382 | H17: =VLOOKUP(A17,'Operational Data'!$A$2:$E$201,4,FALSE) -> 5116.69 | I17: =VLOOKUP(A17,'Operational Data'!$A$2:$E$201,5,FALSE) -> 80.42 | J17: =F17/G17 -> 0.029974046
... A2001: F018 | B2001: Adani Green | C2001: 2023 Q1 | D2001: Scope 2 | E2001: N₂O | F2001: 2433.04 | G2001: =VLOOKUP(A2001,'Operational Data'!$A$2:$E$201,3,FALSE) -> 69305 | H2001: =VLOOKUP(A2001,'Operational Data'!$A$2:$E$201,4,FALSE) -> 3203.67 | I2001: =VLOOKUP(A2001,'Operational Data'!$A$2:$E$201,5,FALSE) -> 83.65 | J2001: =F2001/G2001 -> 0.035106269

Sheet Dashboard
B2: 1257073.956 Total Emissions (tons) | D2: 20.8736 Production Efficiency (units/ton) | F2: 2647831.74 Total Energy Consumption (MWh)
E20: Benchmark | F20: Value | G20: Description
E21: GHG Reduction Target | F21: 25% reduction | G21: Company must reduce overall GHG emissions by 25% over the next 5 years.
E22: Net Zero Milestone | F22: 2050 | G22: Target year to achieve net zero emissions.
E23: Emission Reporting Standard | F23: GHG Protocol | G23: All emissions must be reported according to the GHG Protocol guidelines.

Sheet Quarterly Emission Trends by Fa
A2: Sum of Emissions (tons) | B2: Column Labels | I2: Row Labels | J2: Sum of Emissions (tons)
A3: Row Labels | B3: Adani Green | C3: JSW Energy | D3: L&T | E3: Reliance Industries | F3: Tata Steel | G3: Grand Total | I3: 2022 Q1 | J3: 1256202.9
A4: 2022 Q1 | B4: 340708.92 | C4: 203900.77 | D4: 188012.61 | E4: 263715.99 | F4: 259864.58 | G4: 1256202.9 | I4: 2022 Q2 | J4: 1357086.3
A5: 2022 Q2 | B5: 326256.6 | C5: 284347.81 | D5: 211151.09 | E5: 229042 | F5: 306288.77 | G5: 1357086.3 | I5: 2023 Q1 | J5: 1346029
A6: 2023 Q1 | B6: 360843.21 | C6: 217291.77 | D6: 214720.78 | E6: 252643.38 | F6: 300529.83 | G6: 1346029 | I6: 2023 Q2 | J6: 1257074
A7: 2023 Q2 | B7: 333304.59 | C7: 240974.14 | D7: 202190.13 | E7: 219288.22 | F7: 261316.88 | G7: 1257074 | I7: Grand Total | J7: 5216392.1
A8: Grand Total | B8: 1361113.3 | C8: 946514.49 | D8: 816074.61 | E8: 964689.59 | F8: 1128000.1 | G8: 5216392.1

Sheet Facility Emissions Comparison (
A1: Reporting Period | B1: (All)
A3: Row Labels | B3: Sum of Emissions (tons)
A4: Adani Green | B4: 1361113.3
A5: Tata Steel | B5: 1128000.1
A6: Reliance Industries | B6: 964689.59
A7: JSW Energy | B7: 946514.49
A8: L&T | B8: 816074.61
A9: Grand Total | B9: 5216392.1

Sheet Contribution of Scope
A3: Sum of Emissions (tons) | B3: Column Labels
A4: Row Labels | B4: Scope 1 | C4: Scope 2 | D4: Scope 3 | E4: Grand Total
A5: Adani Green | B5: 472128.33 | C5: 450934.48 | D5: 438050.51 | E5: 1361113.3
A6: JSW Energy | B6: 333523.87 | C6: 320044.66 | D6: 292945.96 | E6: 946514.49
A7: L&T | B7: 275810.67 | C7: 253401.97 | D7: 286861.97 | E7: 816074.61
A8: Reliance Industries | B8: 280089.43 | C8: 325701.4 | D8: 358898.76 | E8: 964689.59
A9: Tata Steel | B9: 402291.23 | C9: 335605.63 | D9: 390103.21 | E9: 1128000.1
A10: Grand Total | B10: 1763843.5 | C10: 1685688.1 | D10: 1766860.4 | E10: 5216392.1

Sheet Energy Consumption Trend
A3: Row Labels | B3: Sum of Energy Consumption (MWh) | D3: Sum of Emission Intensity | E3: Column Labels
A4: 2022 Q1 | B4: 2537816 | D4: Row Labels | E4: 2022 Q1 | F4: 2022 Q2 | G4: 2023 Q1 | H4: 2023 Q2 | I4: Grand Total
A5: 2022 Q2 | B5: 2777778.4 | D5: Adani Green | E5: 8.2066889 | F5: 9.020193 | G5: 8.6195184 | H5: 7.9020547 | I5: 33.748455
A6: 2023 Q1 | B6: 2820785.2 | D6: JSW Energy | E6: 6.0512362 | F6: 8.6100812 | G6: 6.4130542 | H6: 7.5687467 | I6: 28.643118
A7: 2023 Q2 | B7: 2647831.7 | D7: L&T | E7: 5.498293 | F7: 4.8916697 | G7: 5.6035448 | H7: 5.2624811 | I7: 21.255989
A8: Grand Total | B8: 10784211 | D8: Reliance Industries | E8: 7.0515341 | F8: 5.9595571 | G8: 6.2211011 | H8: 6.0005337 | I8: 25.232726
D9: Tata Steel | E9: 6.6201883 | F9: 8.2100162 | G9: 7.8381201 | H9: 6.3774917 | I9: 29.045816
D10: Grand Total | E10: 33.427941 | F10: 36.691517 | G10: 34.695339 | H10: 33.111308 | I10: 137.9261

Sheet Production Efficiency
A1: Reporting Period | B1: (All)
A3: Row Labels | B3: Sum of Production Efficiency
A4: Adani Green | B4: 21.596679
A5: JSW Energy | B5: 19.602405
A6: L&T | B6: 20.228905
A7: Reliance Industries | B7: 20.970196
A8: Tata Steel | B8: 21.320205
A9: Grand Total | B9: 20.845194

Sheet Sheet1
A1: Reporting Period | B1: 2022 Q1 | D1: Reporting Period | E1: 2023 Q2
A3: Row Labels | B3: Sum of Emissions (tons) | D3: Row Labels | E3: Sum of Emissions (tons)
A4: Adani Green | B4: 340708.92 | D4: Adani Green | E4: 333304.59
A5: JSW Energy | B5: 203900.77 | D5: JSW Energy | E5: 240974.14
A6: L&T | B6: 188012.61 | D6: L&T | E6: 202190.13
A7: Reliance Industries | B7: 263715.99 | D7: Reliance Industries | E7: 219288.22
A8: Tata Steel | B8: 259864.58 | D8: Tata Steel | E8: 261316.88
A9: Grand Total | B9: 1256202.9 | D9: Grand Total | E9: 1257074
A11: Baseline Emission(2022 Q1) | B11: 1256202.9 | D11: Current Emission(2023 Q2) | E11: 1257074
A14: Reduction (%) = ((Baseline - Current) / Baseline) * 100 | B14: =((1256202.864 - 1257073.956)/1256202.864)*100 -> -0.069343259 | D14: Total Emissions KPI = | E14: 1257074

Sheet Scatter Plot
A1: Reporting Period | B1: (All) | E1: Row Labels | F1: Sum of Emissions (tons) | G1: Sum of Production Volume (units)
E2: Adani Green | F2: 1361113.3 | G2: 29395528
A3: Row Labels | B3: Sum of Emissions (tons) | C3: Sum of Production Volume (units) | E3: JSW Energy | F3: 946514.49 | G3: 18553960
A4: Adani Green | B4: 1361113.3 | C4: 29395528 | E4: L&T | F4: 816074.61 | G4: 16508296
A5: JSW Energy | B5: 946514.49 | C5: 18553960 | E5: Reliance Industries | F5: 964689.59 | G5: 20229730
A6: L&T | B6: 816074.61 | C6: 16508296 | E6: Tata Steel | F6: 1128000.1 | G6: 24049193
A7: Reliance Industries | B7: 964689.59 | C7: 20229730 | E7: Grand Total | F7: 5216392.1 | G7: 108736707
A8: Tata Steel | B8: 1128000.1 | C8: 24049193
A9: Grand Total | B9: 5216392.1 | C9: 108736707
